[
  {
    "EventID": 0,
    "ImageIndex": 1,
    "ShowText": "陛下，您是否愿意接受南蛮国的和亲？",
    "ResultTextA": "南方边境度过了一段和平的时光",
    "ResultTextB": " 你拒绝了和亲",
    "OptionTextA": " 我接受",
    "OptionTextB": "她不配",
    "Changes_A": {
      "people": 22,
      "policy": -20,
      "economic": 20,
      "military": 0
    },
    "Changes_B": {
      "people": -20,
      "policy": 25,
      "economic": 20,
      "military": 0
    }
  },
  {
    "EventID": 1,
    "ImageIndex": 1,
    "ShowText": "陛下，大将军远征，战无不胜，是否需要嘉奖？",
    "ResultTextA": " 大将军的威望提高了",
    "ResultTextB": "你削减了大将军的兵力",
    "OptionTextA": " 论功行赏",
    "OptionTextB": "功高震主",
    "Changes_A": {
      "people": 22,
      "policy": -20,
      "economic": 20,
      "military": 0
    },
    "Changes_B": {
      "people": -20,
      "policy": 0,
      "economic": 20,
      "military": 25
    }
  },
  {
    "EventID": 2,
    "ImageIndex": 0,
    "ShowText": "皇后出身庶族，与皇家尊贵身份不符，立皇后一事还请您三思！",
    "ResultTextA": "你与皇后的爱情被传为佳话",
    "ResultTextB": "她对你很失望",
    "OptionTextA": "朕与皇后情深似海，无需多言",
    "OptionTextB": "朕收回成命",
    "Changes_A": {
      "people": 0,
      "policy": -20,
      "economic": -25,
      "military": -20
    },
    "Changes_B": {
      "people": 25,
      "policy": 25,
      "economic": 20,
      "military": 0
    }
  },
  {
    "EventID": 3,
    "ImageIndex": 0,
    "ShowText": "陛下，东南一带的地主结党营私，偷漏国税，图谋篡逆，是否严惩？",
    "ResultTextA": "抄家的财产被充入了国库，你之前都不知道这些地主这么富有",
    "ResultTextB": "你貌似在下一盘很大的棋，但其实你心里也不知道自己想干什么",
    "OptionTextA": "夷三族",
    "OptionTextB": "他们还有用",
    "Changes_A": {
      "people": -15,
      "policy": -15,
      "economic": 30,
      "military": 0
    },
    "Changes_B": {
      "people": 0,
      "policy": 20,
      "economic": -20,
      "military": 0
    }
  },
  {
    "EventID": 4,
    "ImageIndex": 0,
    "ShowText": "陛下，黄河水患屡次泛滥，民众苦不堪言，百姓需要抚恤啊！",
    "ResultTextA": "水患得到整治",
    "ResultTextB": "水患依旧，百姓受灾严重",
    "OptionTextA": "派兵抚恤",
    "OptionTextB": "置之不理",
    "Changes_A": {
      "people": 30,
      "policy": 20,
      "economic": -30,
      "military": -20
    },
    "Changes_B": {
      "people": -30,
      "policy": 0,
      "economic": 0,
      "military": 0
    }
  },
  {
    "EventID": 5,
    "ImageIndex": 0,
    "ShowText": "陛下，我的得意门生才华可框君辅国，建议委以重任。",
    "ResultTextA": "年少有为，你得到了一名干将",
    "ResultTextB": "你与一位优秀的人才擦肩而过",
    "OptionTextA": "英雄出少年",
    "OptionTextB": "其才华而不实",
    "Changes_A": {
      "people": 0,
      "policy": 20,
      "economic": 20,
      "military": 0
    },
    "Changes_B": {
      "people": 0,
      "policy": -20,
      "economic": -20,
      "military": 0
    }
  },
  {
    "EventID": 6,
    "ImageIndex": 1,
    "ShowText": "陛下，北狄国出兵犯我疆界，该如何应对？",
    "ResultTextA": "连年的战争，人民苦不堪言",
    "ResultTextB": "你以开放贸易为条件和北方进行了和谈",
    "OptionTextA": "虽远必诛",
    "OptionTextB": "以和为贵",
    "Changes_A": {
      "people": -15,
      "policy": 0,
      "economic": -15,
      "military": 25
    },
    "Changes_B": {
      "people": 20,
      "policy": 20,
      "economic": -20,
      "military": 0
    }
  },
  {
    "EventID": 7,
    "ImageIndex": 1,
    "ShowText": "陛下，边疆地域久战不下，某将请求增派将领和兵力，定能克敌！",
    "ResultTextA": "你折损了许多优秀的将士，以惨痛的代价取得了胜利",
    "ResultTextB": "边疆局势更加混乱",
    "OptionTextA": "发兵增援",
    "OptionTextB": "皇城守卫空虚，不能出兵",
    "Changes_A": {
      "people": 0,
      "policy": 20,
      "economic": 0,
      "military": -20
    },
    "Changes_B": {
      "people": 0,
      "policy": 0,
      "economic": -20,
      "military": 0
    }
  },
  {
    "EventID": 8,
    "ImageIndex": 1,
    "ShowText": "陛下，刑部大牢中囚禁的天下第一刺客逃了出去，是否全力追杀？",
    "ResultTextA": "刺客为了报复你，潜入皇宫刺杀未果，从此皇宫安排重兵守卫",
    "ResultTextB": "从此再也没有听过那个刺客的消息",
    "OptionTextA": "斩草除根",
    "OptionTextB": "穷寇莫追",
    "Changes_A": {
      "people": 0,
      "policy": 0,
      "economic": -15,
      "military": -15
    },
    "Changes_B": {
      "people": 10,
      "policy": 0,
      "economic": 0,
      "military": 0
    }
  },
  {
    "EventID": 9,
    "ImageIndex": 0,
    "ShowText": "陛下，南蛮国派出使者求和，是否召见？",
    "ResultTextA": "双方和谈未能达成共识，不欢而散",
    "ResultTextB": "你发现和谈只是虚张声势，南蛮国已经无法支持连年的战争，不久之后向你臣服了。",
    "OptionTextA": "接见使者",
    "OptionTextB": "拒绝求和",
    "Changes_A": {
      "people": 0,
      "policy": -10,
      "economic": 0,
      "military": -10
    },
    "Changes_B": {
      "people": 20,
      "policy": 20,
      "economic": 20,
      "military": 20
    }
  },
  {
    "EventID": 10,
    "ImageIndex": 0,
    "ShowText": "皇城的士兵洗劫了商会，望陛下主持公道",
    "ResultTextA": "商会感激你的公正裁决，为你铸了一尊铜像",
    "ResultTextB": "商会觉得这只是一种敷衍",
    "OptionTextA": "军法处置",
    "OptionTextB": "拨款给商会",
    "Changes_A": {
      "people": 20,
      "policy": 20,
      "economic": 0,
      "military": -25
    },
    "Changes_B": {
      "people": -20,
      "policy": 0,
      "economic": -20,
      "military": 0
    }
  },
  {
    "EventID": 11,
    "ImageIndex": 7,
    "ShowText": "我们遇到了百年一遇的大旱，百姓陷入了饥荒",
    "ResultTextA": "人民对你的救助十分感激",
    "ResultTextB": "百姓陷入了更深的苦难之中",
    "OptionTextA": "开仓赈灾",
    "OptionTextB": "国家粮库空虚，并无余粮",
    "Changes_A": {
      "people": 30,
      "policy": 0,
      "economic": -30,
      "military": 0
    },
    "Changes_B": {
      "people": -30,
      "policy": 0,
      "economic": 20,
      "military": 0
    }
  },
  {
    "EventID": 12,
    "ImageIndex": 0,
    "ShowText": "南方的一个村庄爆发了瘟疫，要隔离吗",
    "ResultTextA": "疫区的百姓几乎死绝了，但是瘟疫没有蔓延",
    "ResultTextB": "经过一番努力，瘟疫被顺利的控制了",
    "OptionTextA": "隔离疫区",
    "OptionTextB": "派人救灾",
    "Changes_A": {
      "people": -20,
      "policy": 0,
      "economic": 0,
      "military": 0
    },
    "Changes_B": {
      "people": 30,
      "policy": 0,
      "economic": -15,
      "military": -15
    }
  },
  {
    "EventID": 13,
    "ImageIndex": 0,
    "ShowText": "陛下，我们应该拨款扩充粮仓来预防饥荒",
    "ResultTextA": "饥荒没有出现，百姓过着安定的生活",
    "ResultTextB": "你觉得没必要把钱花在未雨绸缪上",
    "OptionTextA": "同意",
    "OptionTextB": "拒绝",
    "Changes_A": {
      "people": 0,
      "policy": 0,
      "economic": -20,
      "military": 0
    },
    "Changes_B": {
      "people": 0,
      "policy": 0,
      "economic": 20,
      "military": 0
    }
  },
  {
    "EventID": 14,
    "ImageIndex": 4,
    "ShowText": "皇宫传来了奇怪的议论，我们应该增强守备",
    "ResultTextA": "你发现有人正在密谋一次政变，幸好发现的及时",
    "ResultTextB": "一场政变发生了，你紧急调动军队，勉强平息了政变",
    "OptionTextA": "同意",
    "OptionTextB": "拒绝",
    "Changes_A": {
      "people": 0,
      "policy": 25,
      "economic": 0,
      "military": -20
    },
    "Changes_B": {
      "people": 0,
      "policy": -15,
      "economic": 0,
      "military": -25
    }
  },
  {
    "EventID": 15,
    "ImageIndex": 1,
    "ShowText": "居安思危，思则有备。您需要征募更多的士兵。",
    "ResultTextA": "你征募了更多士兵，同时军费的支出也增加 了",
    "ResultTextB": "国家的经济水平提升了",
    "OptionTextA": "扩充战略储备",
    "OptionTextB": "韬光养晦，勿伤民力",
    "Changes_A": {
      "people": -20,
      "policy": 0,
      "economic": -20,
      "military": 35
    },
    "Changes_B": {
      "people": 20,
      "policy": 0,
      "economic": 20,
      "military": -30
    }
  },
  {
    "EventID": 16,
    "ImageIndex": 0,
    "ShowText": "今年遇到了千年一遇的蝗灾，几乎颗粒无收，我们应该减少赋税。",
    "ResultTextA": "百姓从水深火热的生活中获得了一丝喘息",
    "ResultTextB": "民不聊生，百姓怨声载道",
    "OptionTextA": "减征赋税",
    "OptionTextB": "依率定额征税",
    "Changes_A": {
      "people": 20,
      "policy": 0,
      "economic": -20,
      "military": 0
    },
    "Changes_B": {
      "people": -25,
      "policy": 0,
      "economic": 20,
      "military": 0
    }
  },
  {
    "EventID": 17,
    "ImageIndex": 1,
    "ShowText": "东瀛岛国对我们是个威胁，请陛下先发制人，出兵进攻他们。",
    "ResultTextA": "你出兵岛国，所到之处战无不胜，最后军队止步于一场神风",
    "ResultTextB": "岛国势力壮大，蠢蠢欲动。",
    "OptionTextA": "出兵压制",
    "OptionTextB": "小小岛国不足为惧",
    "Changes_A": {
      "people": 10,
      "policy": 20,
      "economic": -10,
      "military": -10
    },
    "Changes_B": {
      "people": 0,
      "policy": 0,
      "economic": 0,
      "military": -10
    }
  },
  {
    "EventID": 18,
    "ImageIndex": 1,
    "ShowText": "西戎国和北狄国爆发了战争。要派出军队吗？",
    "ResultTextA": "两国持续交战，两败俱伤",
    "ResultTextB": "这是夷族的圈套，你的军队被两国联合剿灭了",
    "OptionTextA": "坐山观虎斗",
    "OptionTextB": "一网打尽",
    "Changes_A": {
      "people": 0,
      "policy": 20,
      "economic": 0,
      "military": 0
    },
    "Changes_B": {
      "people": 0,
      "policy": 0,
      "economic": -25,
      "military": -30
    }
  },
  {
    "EventID": 19,
    "ImageIndex": 0,
    "ShowText": "南蛮国和北狄国准备联合进攻我们，我们应该寻求西戎国的援助。",
    "ResultTextA": "西戎国拒绝援助并落井下石，加入联军对你进行讨伐。",
    "ResultTextB": "同时与两国交战，苦苦支撑",
    "OptionTextA": "派出使者",
    "OptionTextB": "不足为惧",
    "Changes_A": {
      "people": 5,
      "policy": 10,
      "economic": 0,
      "military": -20
    },
    "Changes_B": {
      "people": 0,
      "policy": 10,
      "economic": -15,
      "military": -20
    }
  },
  {
    "EventID": 20,
    "ImageIndex": 4,
    "ShowText": "陛下，昨晚皇宫失火，烧毁了两座宫殿。如何重建",
    "ResultTextA": "大量金银用于修建宫殿",
    "ResultTextB": "劳工因不满而暗中偷工减料，新建的宫殿没过半年就倒塌了",
    "OptionTextA": "从国库拨款",
    "OptionTextB": "征用劳役",
    "Changes_A": {
      "people": 0,
      "policy": 0,
      "economic": -30,
      "military": 0
    },
    "Changes_B": {
      "people": -30,
      "policy": 0,
      "economic": 0,
      "military": 0
    }
  },
  {
    "EventID": 21,
    "ImageIndex": 1,
    "ShowText": "北方的军队大举进攻我边境，请陛下下旨征兵。",
    "ResultTextA": "你扩充了军力，北乱被顺利平息，朝中也对你的决策一篇赞誉。",
    "ResultTextB": "北方地区局势日渐不利",
    "OptionTextA": "征兵强军",
    "OptionTextB": "拒绝",
    "Changes_A": {
      "people": -15,
      "policy": 20,
      "economic": -15,
      "military": 20
    },
    "Changes_B": {
      "people": -10,
      "policy": -10,
      "economic": 0,
      "military": -20
    }
  },
  {
    "EventID": 22,
    "ImageIndex": 6,
    "ShowText": "陛下，今年收成非常好。",
    "ResultTextA": "百姓安居乐业",
    "ResultTextB": "百姓对你不满",
    "OptionTextA": "分给百姓",
    "OptionTextB": "提高今年的税收",
    "Changes_A": {
      "people": 20,
      "policy": 5,
      "economic": 10,
      "military": 0
    },
    "Changes_B": {
      "people": -20,
      "policy": 0,
      "economic": 25,
      "military": 0
    }
  },
  {
    "EventID": 23,
    "ImageIndex": 0,
    "ShowText": "陛下，今年国库有所亏空，应当提高赋税",
    "ResultTextA": "百姓对你的做法感到怨恨",
    "ResultTextB": "百姓满意你的做法",
    "OptionTextA": "横征赋税",
    "OptionTextB": "以民为本，保持原税",
    "Changes_A": {
      "people": -20,
      "policy": 0,
      "economic": 25,
      "military": 0
    },
    "Changes_B": {
      "people": 20,
      "policy": 0,
      "economic": 10,
      "military": 0
    }
  },
  {
    "EventID": 24,
    "ImageIndex": 1,
    "ShowText": "陛下，我们需要修建防御工事，防范西方的入侵。",
    "ResultTextA": "本应修建工事的拨款被层层盘剥，最后防御工事进度缓慢",
    "ResultTextB": "无事发生",
    "OptionTextA": "同意",
    "OptionTextB": "拒绝",
    "Changes_A": {
      "people": 0,
      "policy": -20,
      "economic": -30,
      "military": 10
    },
    "Changes_B": {
      "people": 0,
      "policy": 0,
      "economic": 0,
      "military": 0
    }
  },
  {
    "EventID": 25,
    "ImageIndex": 4,
    "ShowText": "陛下，我想要一座更大的宫殿",
    "ResultTextA": "你在朝中引起了非议",
    "ResultTextB": "皇后的样子很难过",
    "OptionTextA": "同意",
    "OptionTextB": "拒绝",
    "Changes_A": {
      "people": -20,
      "policy": 0,
      "economic": -30,
      "military": 0
    },
    "Changes_B": {
      "people": 10,
      "policy": 10,
      "economic": 0,
      "military": 0
    }
  },
  {
    "EventID": 26,
    "ImageIndex": 2,
    "ShowText": "陛下，这是方士进献的长生不老药",
    "ResultTextA": "你觉得肚中一阵温热，然而并没有什么事情发生",
    "ResultTextB": "你扔掉了可疑的药丸",
    "OptionTextA": "服用",
    "OptionTextB": "不服用",
    "Changes_A": {
      "people": -10,
      "policy": 0,
      "economic": 0,
      "military": 0
    },
    "Changes_B": {
      "people": 0,
      "policy": 0,
      "economic": 0,
      "military": 0
    }
  },
  {
    "EventID": 27,
    "ImageIndex": 7,
    "ShowText": "陛下，京城爆发了一种奇怪的瘟疫，染病的人会像狗一样撕咬别人",
    "ResultTextA": "所有疑似感染者都被处决了",
    "ResultTextB": "送去的医生染上了相同的症状，瘟疫扩散了",
    "OptionTextA": "出兵镇压",
    "OptionTextB": "悬赏四方名医",
    "Changes_A": {
      "people": -20,
      "policy": 0,
      "economic": 0,
      "military": -20
    },
    "Changes_B": {
      "people": 10,
      "policy": -10,
      "economic": -20,
      "military": 0
    }
  },
  {
    "EventID": 28,
    "ImageIndex": 2,
    "ShowText": "陛下，西戎国希望向我们出口烟草",
    "ResultTextA": "番邦国的使臣向你进献了一大批财宝",
    "ResultTextB": "你的百姓的身体受到毒害",
    "OptionTextA": "同意",
    "OptionTextB": "拒绝",
    "Changes_A": {
      "people": 0,
      "policy": 0,
      "economic": 30,
      "military": 0
    },
    "Changes_B": {
      "people": -10,
      "policy": -10,
      "economic": 0,
      "military": 0
    }
  },
  {
    "EventID": 29,
    "ImageIndex": 4,
    "ShowText": "陛下，我想为公主举办一场比武招亲大会",
    "ResultTextA": "有传闻说公主奇丑无比，导致招亲大会参与者寥寥无几",
    "ResultTextB": "你对公主过度保护，以至于她二十岁还没有嫁人",
    "OptionTextA": "同意",
    "OptionTextB": "拒绝",
    "Changes_A": {
      "people": 10,
      "policy": 0,
      "economic": -10,
      "military": 0
    },
    "Changes_B": {
      "people": 0,
      "policy": 0,
      "economic": 0,
      "military": 0
    }
  },
  {
    "EventID": 30,
    "ImageIndex": 0,
    "ShowText": "北方蛮族入侵我国境，大量难民朝京城涌过来了",
    "ResultTextA": "难民们对你感恩戴德",
    "ResultTextB": "饥饿的难民试图冲破哨卡，造成了一定的混乱",
    "OptionTextA": "接收难民",
    "OptionTextB": "设立哨卡，禁止难民进入",
    "Changes_A": {
      "people": 25,
      "policy": 0,
      "economic": -20,
      "military": 0
    },
    "Changes_B": {
      "people": -10,
      "policy": 10,
      "economic": -10,
      "military": 10
    }
  },
  {
    "EventID": 31,
    "ImageIndex": 7,
    "ShowText": "穷奇与妖兽打闹引发了地震，尘沙飞扬，黑雾弥漫，不见天日。",
    "ResultTextA": "百姓对你的救济十分感激",
    "ResultTextB": "劳民伤财的做法让民众很不满",
    "OptionTextA": "救济灾民",
    "OptionTextB": "修复皇宫",
    "Changes_A": {
      "people": 20,
      "policy": 0,
      "economic": -20,
      "military": 0
    },
    "Changes_B": {
      "people": -20,
      "policy": 0,
      "economic": -15,
      "military": 0
    }
  },
  {
    "EventID": 32,
    "ImageIndex": 1,
    "ShowText": "建立一座长城，可以永久的抵御北方国家骚扰，但是会消耗大量的金钱民力。",
    "ResultTextA": "北方地区逐渐稳定",
    "ResultTextB": "你拒绝了这个劳民伤财的提议",
    "OptionTextA": "修建",
    "OptionTextB": "不修建",
    "Changes_A": {
      "people": -30,
      "policy": 20,
      "economic": -30,
      "military": 30
    },
    "Changes_B": {
      "people": 15,
      "policy": 10,
      "economic": 20,
      "military": -20
    }
  },
  {
    "EventID": 33,
    "ImageIndex": 5,
    "ShowText": "臣进贡山驼以祝圣上之长寿也",
    "ResultTextA": "与番邦交往日益密切",
    "ResultTextB": "邻国望而未援，边境部分国土丧失",
    "OptionTextA": "赏金千两",
    "OptionTextB": "以微茶相待",
    "Changes_A": {
      "people": 0,
      "policy": 25,
      "economic": -20,
      "military": 0
    },
    "Changes_B": {
      "people": 0,
      "policy": -20,
      "economic": -10,
      "military": -20
    }
  },
  {
    "EventID": 34,
    "ImageIndex": 3,
    "ShowText": "小人受冤一事，望陛下明察。",
    "ResultTextA": "你微服出访，果然查出冤情。然而误了国事。",
    "ResultTextB": "大臣办事拖沓，此案成为悬案。",
    "OptionTextA": "亲自查证",
    "OptionTextB": "令大臣下奉县令处置",
    "Changes_A": {
      "people": 20,
      "policy": -20,
      "economic": 0,
      "military": 0
    },
    "Changes_B": {
      "people": 10,
      "policy": -20,
      "economic": 0,
      "military": 0
    }
  },
  {
    "EventID": 35,
    "ImageIndex": 4,
    "ShowText": "陛下，修建一条运河联通南北，我们的经济贸易会更加通畅，还可以福泽子孙。",
    "ResultTextA": "你急于修建运河，过重的劳役使得民怨沸腾",
    "ResultTextB": "你认为目前的国力不适宜修建大型工程",
    "OptionTextA": "修建",
    "OptionTextB": "不修建",
    "Changes_A": {
      "people": -25,
      "policy": 0,
      "economic": -10,
      "military": 0
    },
    "Changes_B": {
      "people": 10,
      "policy": 0,
      "economic": 0,
      "military": 0
    }
  },
  {
    "EventID": 36,
    "ImageIndex": 2,
    "ShowText": "陛下，吾大儿今已入朝为官，此三千两白银，以敬奉皇上广纳贤才。",
    "ResultTextA": "富绅希望儿子能再次晋升，你不方便说拒绝",
    "ResultTextB": "富绅被轰出去",
    "OptionTextA": "填充国库",
    "OptionTextB": "我只是看重他才能",
    "Changes_A": {
      "people": -20,
      "policy": -10,
      "economic": 20,
      "military": 0
    },
    "Changes_B": {
      "people": 10,
      "policy": 10,
      "economic": 0,
      "military": 0
    }
  },
  {
    "EventID": 37,
    "ImageIndex": 6,
    "ShowText": "今城南一带久旱逢甘露，收成丰盈富足。",
    "ResultTextA": "百姓认为你很贪婪",
    "ResultTextB": "远境官兵心感恩戴德，士气提升",
    "OptionTextA": "填充粮仓，增加赋税",
    "OptionTextB": "分粮于边境以增其粮备常驻守疆之国界",
    "Changes_A": {
      "people": -20,
      "policy": -10,
      "economic": 10,
      "military": 0
    },
    "Changes_B": {
      "people": 0,
      "policy": 10,
      "economic": -15,
      "military": 20
    }
  },
  {
    "EventID": 38,
    "ImageIndex": 5,
    "ShowText": "今南蛮势力日益壮大，望陛下与我西番为盟，抵抗南蛮以保天下太平",
    "ResultTextA": "南蛮受挫，西番势力壮大，国事西番话语权增多",
    "ResultTextB": "南蛮势力壮大而攻西番，两败俱伤，均未构成威胁",
    "OptionTextA": "与西番为盟抵抗南蛮",
    "OptionTextB": "不干涉他国",
    "Changes_A": {
      "people": -10,
      "policy": -25,
      "economic": -10,
      "military": -20
    },
    "Changes_B": {
      "people": 5,
      "policy": 20,
      "economic": 0,
      "military": 0
    }
  },
  {
    "EventID": 39,
    "ImageIndex": 0,
    "ShowText": "今大宦官发号施令，多有不妥",
    "ResultTextA": "宦官旁敲侧击，权力分散日益严重",
    "ResultTextB": "宫廷纷争让你分神乏术",
    "OptionTextA": "先安外",
    "OptionTextB": "先攘内",
    "Changes_A": {
      "people": 10,
      "policy": 10,
      "economic": -15,
      "military": -15
    },
    "Changes_B": {
      "people": 0,
      "policy": -20,
      "economic": 5,
      "military": 0
    }
  },
  {
    "EventID": 40,
    "ImageIndex": 7,
    "ShowText": "穷奇招致天灾使百姓生活不易",
    "ResultTextA": "邻国见你分散兵力，频频挑衅",
    "ResultTextB": "百姓得到帮助，但似乎有妖魔作乱乡里。",
    "OptionTextA": "派兵赈灾",
    "OptionTextB": "拨款救灾",
    "Changes_A": {
      "people": 20,
      "policy": -5,
      "economic": 0,
      "military": -20
    },
    "Changes_B": {
      "people": 20,
      "policy": 5,
      "economic": -25,
      "military": 0
    }
  },
  {
    "EventID": 41,
    "ImageIndex": 0,
    "ShowText": "一村民妄言陛下横征暴敛，是否应斩首示众，杀鸡儆猴也？",
    "ResultTextA": "人民不敢发声，生活如往常",
    "ResultTextB": "讽谏之人络绎不绝，不过有用的不多",
    "OptionTextA": "斩首",
    "OptionTextB": "纳谏",
    "Changes_A": {
      "people": -25,
      "policy": 5,
      "economic": -5,
      "military": 0
    },
    "Changes_B": {
      "people": 25,
      "policy": -5,
      "economic": 0,
      "military": 0
    }
  },
  {
    "EventID": 42,
    "ImageIndex": 5,
    "ShowText": "本邦今征战西戎以夺其地，陛下可否愿意协助？",
    "ResultTextA": "夺得西戎并分其土地",
    "ResultTextB": "与邻邦关系淡化",
    "OptionTextA": "出兵援助邻邦",
    "OptionTextB": "以和为贵，不予协助",
    "Changes_A": {
      "people": 5,
      "policy": 5,
      "economic": 10,
      "military": -30
    },
    "Changes_B": {
      "people": 25,
      "policy": 0,
      "economic": 0,
      "military": 0
    }
  },
  {
    "EventID": 43,
    "ImageIndex": 3,
    "ShowText": "拜见皇上，我们乡里今年受水患影响，颗粒无收，百姓易子相食，求陛下施恩",
    "ResultTextA": "虽救助了当地，但没有解决根本的问题。",
    "ResultTextB": "部分政策受到非议，但帮助了更多类似有水患地方。",
    "OptionTextA": "向地方拨款",
    "OptionTextB": "制定政策并普及",
    "Changes_A": {
      "people": 20,
      "policy": 10,
      "economic": -20,
      "military": 0
    },
    "Changes_B": {
      "people": -5,
      "policy": 25,
      "economic": 0,
      "military": 0
    }
  },
  {
    "EventID": 44,
    "ImageIndex": 2,
    "ShowText": "圣上，茶叶出口东夷国，可利国利民，又可充盈国库。",
    "ResultTextA": "国库收入提升，但边疆似乎有外族入侵的潜在隐患",
    "ResultTextB": "国库收入平平如往常，偶有短缺。",
    "OptionTextA": "允许商人出口",
    "OptionTextB": "蛮夷不懂茶道",
    "Changes_A": {
      "people": 5,
      "policy": -20,
      "economic": 30,
      "military": 0
    },
    "Changes_B": {
      "people": -10,
      "policy": -5,
      "economic": -15,
      "military": 0
    }
  },
  {
    "EventID": 45,
    "ImageIndex": 7,
    "ShowText": "宦官群聚于皇上周围，陛下倒台之日屈指可数。",
    "ResultTextA": "所有的隐患被消除，但大臣对国事了解尚需时日",
    "ResultTextB": "你忧心忡忡地执政，导致众多决策失误",
    "OptionTextA": "整理朝纲",
    "OptionTextB": "沉思",
    "Changes_A": {
      "people": 10,
      "policy": 10,
      "economic": 0,
      "military": 0
    },
    "Changes_B": {
      "people": -10,
      "policy": -20,
      "economic": 0,
      "military": 0
    }
  },
  {
    "EventID": 46,
    "ImageIndex": 5,
    "ShowText": "陛下，吾邦有貌美公主一个，今前来赠之于皇上作妾！",
    "ResultTextA": "番邦之间关系日益紧密，边疆局势稳定",
    "ResultTextB": "邻邦对你产生不满",
    "OptionTextA": "让皇后去教她礼仪吧",
    "OptionTextB": "朕暂时没有纳妾的想法",
    "Changes_A": {
      "people": 5,
      "policy": 5,
      "economic": -10,
      "military": 0
    },
    "Changes_B": {
      "people": 0,
      "policy": -10,
      "economic": 0,
      "military": 0
    }
  },
  {
    "EventID": 47,
    "ImageIndex": 3,
    "ShowText": "皇上，小人家中曾祖已年迈不堪，而其毕生所愿能入朝为官，望授以小任满足他的心愿。",
    "ResultTextA": "老者嘴里念道：噫，好，好。随即驾鹤西去",
    "ResultTextB": "百姓们称赞您的圣心。",
    "OptionTextA": "授予县令一职",
    "OptionTextB": "官员，岂可因为年长而授。",
    "Changes_A": {
      "people": -10,
      "policy": -10,
      "economic": 0,
      "military": 0
    },
    "Changes_B": {
      "people": 10,
      "policy": 10,
      "economic": 0,
      "military": 0
    }
  },
  {
    "EventID": 48,
    "ImageIndex": 4,
    "ShowText": "久不见陛下前来本宫居所，常常前往妃子那里，臣妾甚是想念。",
    "ResultTextA": "你接连几天夜夜造访皇后寝宫，龙体虚弱。",
    "ResultTextB": "皇后吃醋导致后宫纷乱",
    "OptionTextA": "多加陪伴",
    "OptionTextB": "委婉拒绝",
    "Changes_A": {
      "people": 0,
      "policy": 10,
      "economic": 0,
      "military": 0
    },
    "Changes_B": {
      "people": 0,
      "policy": -10,
      "economic": 0,
      "military": 0
    }
  },
  {
    "EventID": 49,
    "ImageIndex": 6,
    "ShowText": "上天昭示皇上将逢奇异之事",
    "ResultTextA": "日子依然平稳地过着。",
    "ResultTextB": "日子依然平稳地过着。",
    "OptionTextA": "增税，以防祸事发生",
    "OptionTextB": "供奉神灵",
    "Changes_A": {
      "people": -20,
      "policy": -10,
      "economic": 20,
      "military": 0
    },
    "Changes_B": {
      "people": 10,
      "policy": 0,
      "economic": -10,
      "military": 0
    }
  },
  {
    "EventID": 50,
    "ImageIndex": 3,
    "ShowText": "陛下，修建水坝既可以防洪防涝，又可以引水灌溉农业",
    "ResultTextA": "百姓们能更好的生存。",
    "ResultTextB": "今年的久旱使农业收成减少导致部分人民饿死街头",
    "OptionTextA": "拨款建坝",
    "OptionTextB": "国库空虚",
    "Changes_A": {
      "people": 20,
      "policy": 0,
      "economic": -25,
      "military": 0
    },
    "Changes_B": {
      "people": 0,
      "policy": -20,
      "economic": 0,
      "military": 0
    }
  }
]