﻿[
  {
    "EventID": 0,
    "ImageIndex": 0,
    "ShowText": "大将军在攻打西戎国时掠到一美丽女子，您是否要纳入",
    "ResultTextA": "这个美丽的妃子进入了你的后宫。",
    "ResultTextB": "大将军最终把她接入了将军府。",
    "OptionTextA": "甚好。",
    "OptionTextB": "你是想要误国吗？",
    "Changes_A": {
      "people": 0,
      "policy": -10,
      "economic": -10,
      "military": -10
    },
    "Changes_B": {
      "people": 10,
      "policy": 10,
      "economic": 0,
      "military": -15
    },
    "NextID_A": 1,
    "NextID_B": 2,
    "IsBegin": true
  },
  {
    "EventID": 1,
    "ImageIndex": 4,
    "ShowText": "皇后认为此女太过妖媚，陛下是否让嫔妾考验她一番。",
    "ResultTextA": "皇后出于嫉妒，命亲信害死了她，你毫无办法。",
    "ResultTextB": "此女在后宫兴风作浪，你忙于国事毫无办法。",
    "OptionTextA": "那便辛苦皇后了。",
    "OptionTextB": "她端庄自持，大可不必。",
    "Changes_A": {
      "people": -10,
      "policy": -10,
      "economic": 0,
      "military": 0
    },
    "Changes_B": {
      "people": 0,
      "policy": -10,
      "economic": 0,
      "military": 0
    },
    "NextID_A": -1,
    "NextID_B": 3,
    "IsBegin": false
  },
  {
    "EventID": 2,
    "ImageIndex": 0,
    "ShowText": "大将军沉迷于女色，边陲日益动荡是否下召警醒。",
    "ResultTextA": "一月过去，情况并没有好转，边关接连传来败报，北狄的军队很快要兵临城下，你的国家要晚了。",
    "ResultTextB": "大将军不负皇恩，幡然醒悟，将此女送回民间。",
    "OptionTextA": "将军只是一时松懈，不必过于敏感.",
    "OptionTextB": "为将者怎能好色误事，送我虎符警示。",
    "Changes_A": {
      "people": 0,
      "policy": -100,
      "economic": 0,
      "military": 0
    },
    "Changes_B": {
      "people": 10,
      "policy": 10,
      "economic": 10,
      "military": 10
    },
    "NextID_A": -1,
    "NextID_B": -1,
    "IsBegin": false
  },
  {
    "EventID": 3,
    "ImageIndex": 7,
    "ShowText": "这个女人知道古上善国的宝藏在哪，你想知道吗，要用她的性命交换？",
    "ResultTextA": "穷奇撕碎了你可怜的妃子，血腥气一月才散去。",
    "ResultTextB": "你的宠妃都看在眼里，她大为感动，原来这些天的任性都是她在考验你，你得知了宝藏位置。",
    "OptionTextA": "朕的想知道宝藏在何处。",
    "OptionTextB": "朕国库充盈，不必你费心了。",
    "Changes_A": {
      "people": -20,
      "policy": -10,
      "economic": 0,
      "military": 0
    },
    "Changes_B": {
      "people": 10,
      "policy": 0,
      "economic": 30,
      "military": 0
    },
    "NextID_A": -1,
    "NextID_B": -1,
    "IsBegin": false
  },
  {
    "EventID": 4,
    "ImageIndex": 5,
    "ShowText": "陛下，我们番邦国有陨石降下，里面含有稀世金属，您是否想要用来打造神兵利器？",
    "ResultTextA": "一周后，这块陨石被带入京城。",
    "ResultTextB": "京城武库收到了半块陨石",
    "OptionTextA": "派人全部搬来。",
    "OptionTextB": "我们共享它。",
    "Changes_A": {
      "people": 10,
      "policy": -10,
      "economic": 0,
      "military": 0
    },
    "Changes_B": {
      "people": 0,
      "policy": 10,
      "economic": 0,
      "military": 0
    },
    "NextID_A": 5,
    "NextID_B": 6,
    "IsBegin": true
  },
  {
    "EventID": 5,
    "ImageIndex": 1,
    "ShowText": "这块陨石到达了京城冶铁处，冶铁处的许多士兵病倒了，这究竟是？",
    "ResultTextA": "番邦使者说，他们的人民也出现了类似的情况。",
    "ResultTextB": "番邦人在进贡前将陨石内加入了一种特质的毒药，你的士兵病倒了很多。",
    "OptionTextA": "难道是番邦的阴谋？",
    "OptionTextB": "难道是中原人不耐受这天外来物？",
    "Changes_A": {
      "people": 0,
      "policy": 10,
      "economic": 0,
      "military": -10
    },
    "Changes_B": {
      "people": 0,
      "policy": -10,
      "economic": 0,
      "military": -10
    },
    "NextID_A": 7,
    "NextID_B": 8,
    "IsBegin": false
  },
  {
    "EventID": 6,
    "ImageIndex": 1,
    "ShowText": "冶铁处有少量士兵病倒了，您怀疑？",
    "ResultTextA": "番邦的好心却引起您的怀疑，您与番邦政治交恶。",
    "ResultTextB": "金属含有中原人不耐受的毒性，但是却打造了神兵利器。",
    "OptionTextA": "难道是番邦的阴谋？",
    "OptionTextB": "难道是中原人不耐受这天外来物？",
    "Changes_A": {
      "people": 0,
      "policy": -15,
      "economic": 0,
      "military": -5
    },
    "Changes_B": {
      "people": 5,
      "policy": 5,
      "economic": 0,
      "military": 15
    },
    "NextID_A": -1,
    "NextID_B": -1,
    "IsBegin": false
  },
  {
    "EventID": 7,
    "ImageIndex": 0,
    "ShowText": "这是一种很少见的毒药，我们应该责问番邦的罪过并使其交出解药。",
    "ResultTextA": "王城的士兵病倒了很多，无法作战，还遭到了番邦的偷袭。",
    "ResultTextB": "使者在丞相的计谋下交出了解药，你的士兵得救了。",
    "OptionTextA": "武力威胁。",
    "OptionTextB": "召使者进宫。",
    "Changes_A": {
      "people": -5,
      "policy": -10,
      "economic": -5,
      "military": -20
    },
    "Changes_B": {
      "people": 5,
      "policy": 10,
      "economic": 0,
      "military": 10
    },
    "NextID_A": -1,
    "NextID_B": -1,
    "IsBegin": false
  },
  {
    "EventID": 8,
    "ImageIndex": 0,
    "ShowText": "番邦人用心狠毒，是否开战？",
    "ResultTextA": "中毒的士兵日益增多，我军不敌番邦军队，对方已兵临城下。",
    "ResultTextB": "丞相用计谋骗取了解药，我军兵力得到保留。",
    "OptionTextA": "举兵进攻。",
    "OptionTextB": "防守不攻。",
    "Changes_A": {
      "people": 0,
      "policy": 0,
      "economic": 0,
      "military": -100
    },
    "Changes_B": {
      "people": 10,
      "policy": 10,
      "economic": 0,
      "military": 15
    },
    "NextID_A": -1,
    "NextID_B": -1,
    "IsBegin": false
  },
  {
    "EventID": 9,
    "ImageIndex": 3,
    "ShowText": "草民在民间寻得七颗橙色发光宝珠献给陛下。",
    "ResultTextA": "什么都没有发生，你大概是脑子有问题。",
    "ResultTextB": "什么都没有发生，你大概是脑子有问题。",
    "OptionTextA": "把宝珠摆成北斗七星形状。",
    "OptionTextB": "把宝珠摆成三角形。",
    "Changes_A": {
      "people": 0,
      "policy": 0,
      "economic": 0,
      "military": 0
    },
    "Changes_B": {
      "people": 0,
      "policy": 0,
      "economic": 0,
      "military": 0
    },
    "NextID_A": 10,
    "NextID_B": 10,
    "IsBegin": true
  },
  {
    "EventID": 10,
    "ImageIndex": 0,
    "ShowText": "陛下试着再喊些什么？",
    "ResultTextA": "金光四射，神龙出现在皇宫上空。",
    "ResultTextB": "什么都没有发生，庶民看你的眼神怪怪的。",
    "OptionTextA": "“出来吧，神龙！”",
    "OptionTextB": "“出来吧，皮卡丘！”",
    "Changes_A": {
      "people": 0,
      "policy": 0,
      "economic": 0,
      "military": 0
    },
    "Changes_B": {
      "people": -10,
      "policy": 0,
      "economic": 0,
      "military": 0
    },
    "NextID_A": 11,
    "NextID_B": 12,
    "IsBegin": false
  },
  {
    "EventID": 11,
    "ImageIndex": 6,
    "ShowText": "你想要实现什么愿望？",
    "ResultTextA": "你获得了大量金银财宝。",
    "ResultTextB": "百姓突然感到很幸福。",
    "OptionTextA": "财富。",
    "OptionTextB": "我想要我的百姓安居乐业。",
    "Changes_A": {
      "people": 0,
      "policy": 0,
      "economic": 30,
      "military": 0
    },
    "Changes_B": {
      "people": 30,
      "policy": 0,
      "economic": 0,
      "military": 0
    },
    "NextID_A": -1,
    "NextID_B": -1,
    "IsBegin": false
  },
  {
    "EventID": 12,
    "ImageIndex": 0,
    "ShowText": "请陛下正经一点……",
    "ResultTextA": "金光四射，神龙出现在皇宫上空。",
    "ResultTextB": "你突然穿上了粉色的女装。",
    "OptionTextA": "“出来吧，神龙！”",
    "OptionTextB": "“巴拉拉能量，沙罗沙罗！”",
    "Changes_A": {
      "people": 0,
      "policy": 0,
      "economic": 0,
      "military": 0
    },
    "Changes_B": {
      "people": 10,
      "policy": 0,
      "economic": 0,
      "military": 0
    },
    "NextID_A": 11,
    "NextID_B": 13,
    "IsBegin": false
  },
  {
    "EventID": 13,
    "ImageIndex": 0,
    "ShowText": "……",
    "ResultTextA": "金光四射，神龙出现在皇宫上空。",
    "ResultTextB": "金光四射，神龙出现在皇宫上空。",
    "OptionTextA": "“出来吧，神龙！”",
    "OptionTextB": "“出来吧，神龙！”",
    "Changes_A": {
      "people": 0,
      "policy": 0,
      "economic": 0,
      "military": 0
    },
    "Changes_B": {
      "people": 0,
      "policy": 0,
      "economic": 0,
      "military": 0
    },
    "NextID_A": 11,
    "NextID_B": 11,
    "IsBegin": false
  },
  {
    "EventID": 14,
    "ImageIndex": 7,
    "ShowText": "贤明的君主啊，接受我的考验吧",
    "ResultTextA": "皇宫上空乌云密布。",
    "ResultTextB": "“憋跟我扯犊子！”",
    "OptionTextA": "放马过来！",
    "OptionTextB": "来了老弟？",
    "Changes_A": {
      "people": 5,
      "policy": 5,
      "economic": 5,
      "military": 5
    },
    "Changes_B": {
      "people": 10,
      "policy": 0,
      "economic": 0,
      "military": 0
    },
    "NextID_A": 15,
    "NextID_B": 16,
    "IsBegin": true
  },
  {
    "EventID": 15,
    "ImageIndex": 7,
    "ShowText": "什么东西早上四条腿，中午两条腿，晚上三条腿？",
    "ResultTextA": "算你通过了第一关，接下来会更加凶险！",
    "ResultTextB": "穷奇吃掉了十个百姓。",
    "OptionTextA": "人。",
    "OptionTextB": "桌子。",
    "Changes_A": {
      "people": 5,
      "policy": 5,
      "economic": 5,
      "military": 5
    },
    "Changes_B": {
      "people": -10,
      "policy": 0,
      "economic": 0,
      "military": 0
    },
    "NextID_A": 17,
    "NextID_B": 17,
    "IsBegin": false
  },
  {
    "EventID": 16,
    "ImageIndex": 7,
    "ShowText": "小龙虾属于什么垃圾？",
    "ResultTextA": "侬是上海人吗？",
    "ResultTextB": "罚款五十元。",
    "OptionTextA": "湿垃圾",
    "OptionTextB": "干垃圾",
    "Changes_A": {
      "people": 5,
      "policy": 5,
      "economic": 5,
      "military": 5
    },
    "Changes_B": {
      "people": 0,
      "policy": 0,
      "economic": -10,
      "military": 0
    },
    "NextID_A": 20,
    "NextID_B": 20,
    "IsBegin": false
  },
  {
    "EventID": 17,
    "ImageIndex": 7,
    "ShowText": "春秋战国时期诸子百家的改革都强调什么特性？",
    "ResultTextA": "算你通过了这一关，接下来会更加凶险！",
    "ResultTextB": "穷奇吃掉一个营士兵。",
    "OptionTextA": "以人为本",
    "OptionTextB": "以德治国",
    "Changes_A": {
      "people": 10,
      "policy": 10,
      "economic": 10,
      "military": 10
    },
    "Changes_B": {
      "people": 0,
      "policy": 0,
      "economic": 0,
      "military": -10
    },
    "NextID_A": 18,
    "NextID_B": 18,
    "IsBegin": false
  },
  {
    "EventID": 18,
    "ImageIndex": 7,
    "ShowText": "我长得像什么？",
    "ResultTextA": "算你通过了这一关，接下来会更加凶险！",
    "ResultTextB": "穷奇吃掉了一批朝臣。",
    "OptionTextA": "虎",
    "OptionTextB": "牛",
    "Changes_A": {
      "people": 5,
      "policy": 5,
      "economic": 5,
      "military": 5
    },
    "Changes_B": {
      "people": 0,
      "policy": -10,
      "economic": 0,
      "military": 0
    },
    "NextID_A": 19,
    "NextID_B": 19,
    "IsBegin": false
  },
  {
    "EventID": 19,
    "ImageIndex": 7,
    "ShowText": "谁不是神龙的儿子？",
    "ResultTextA": "你通过了我的所有考验，我还会回来的。",
    "ResultTextB": "穷奇吃掉了你国库中的金子。转身飞走了。",
    "OptionTextA": "囚牛",
    "OptionTextB": "毕方",
    "Changes_A": {
      "people": 10,
      "policy": 10,
      "economic": 10,
      "military": 10
    },
    "Changes_B": {
      "people": 0,
      "policy": 0,
      "economic": -10,
      "military": 0
    },
    "NextID_A": -1,
    "NextID_B": -1,
    "IsBegin": false
  },
  {
    "EventID": 20,
    "ImageIndex": 7,
    "ShowText": "想来点正经的吗？",
    "ResultTextA": "愚蠢的君王啊这条路很艰难，哈哈哈",
    "ResultTextB": "再见老弟儿！",
    "OptionTextA": "想",
    "OptionTextB": "不想",
    "Changes_A": {
      "people": 0,
      "policy": 0,
      "economic": 0,
      "military": 0
    },
    "Changes_B": {
      "people": 0,
      "policy": 0,
      "economic": 0,
      "military": 0
    },
    "NextID_A": 15,
    "NextID_B": -1,
    "IsBegin": false
  },
  {
    "EventID": 21,
    "ImageIndex": 2,
    "ShowText": "陛下，小人昨日外出不慎掉落悬崖，竟被一只七色神鸟托起。小人不敢隐瞒，报以陛下。",
    "ResultTextA": "富商应允了",
    "ResultTextB": "你的士兵不慎伤到了神鸟，天空刮起了狂风骤雨。",
    "OptionTextA": "你能把它带来吗？",
    "OptionTextB": "告诉我它的位置，我将派兵捕猎。",
    "Changes_A": {
      "people": 10,
      "policy": 5,
      "economic": 0,
      "military": 0
    },
    "Changes_B": {
      "people": -10,
      "policy": -5,
      "economic": 0,
      "military": 0
    },
    "NextID_A": 22,
    "NextID_B": 23,
    "IsBegin": true
  },
  {
    "EventID": 22,
    "ImageIndex": 6,
    "ShowText": "此鸟乃是仙界的信使，稍有不慎小心招致天罚，你还想见吗？",
    "ResultTextA": "神鸟重归天庭，您的仁德普及四海。",
    "ResultTextB": "天庭信使被带到皇宫。",
    "OptionTextA": "若是如此朕不敢奢求一睹天颜。",
    "OptionTextB": "朕自有分寸，神龙放心",
    "Changes_A": {
      "people": 20,
      "policy": 5,
      "economic": 0,
      "military": 0
    },
    "Changes_B": {
      "people": -5,
      "policy": 0,
      "economic": 0,
      "military": 0
    },
    "NextID_A": -1,
    "NextID_B": 24,
    "IsBegin": false
  },
  {
    "EventID": 23,
    "ImageIndex": 6,
    "ShowText": "尔等竟敢伤害天宫的信使，天罚将降临你的国家。",
    "ResultTextA": "天意难违，天罚降下，你的国家被重创。",
    "ResultTextB": "天庭降下万向天罚，你的国家被重创。",
    "OptionTextA": "朕知错了。",
    "OptionTextB": "朕实在是不知啊，都是那些士兵胆大妄为。",
    "Changes_A": {
      "people": -10,
      "policy": -10,
      "economic": -10,
      "military": -10
    },
    "Changes_B": {
      "people": -15,
      "policy": -15,
      "economic": -15,
      "military": -15
    },
    "NextID_A": -1,
    "NextID_B": -1,
    "IsBegin": false
  },
  {
    "EventID": 24,
    "ImageIndex": 4,
    "ShowText": "皇后：此鸟毛色流光溢彩，仙气流转，臣妾可否取她一根羽毛作为凤袍装饰。",
    "ResultTextA": "神鸟很喜欢你的皇后，并赞许大胆的行为，赐予了你羽毛",
    "ResultTextB": "\"你的皇后母仪天下，神鸟很喜欢她，觉得你没有君主气概\"",
    "OptionTextA": "答应皇后",
    "OptionTextB": "斥责皇后",
    "Changes_A": {
      "people": 10,
      "policy": 0,
      "economic": 0,
      "military": 0
    },
    "Changes_B": {
      "people": -10,
      "policy": 0,
      "economic": 0,
      "military": 0
    },
    "NextID_A": 25,
    "NextID_B": 25,
    "IsBegin": false
  },
  {
    "EventID": 25,
    "ImageIndex": 0,
    "ShowText": "丞相与你秘密交谈：此鸟气度不凡，不似我人间之物，若能让臣取其一丝血肉，可助陛下长生不老。",
    "ResultTextA": "丞相的士兵将神鸟断骨取血，触怒了天庭。神龙带着狂风暴雨现世。",
    "ResultTextB": "神鸟告诉丞相此人前世积怨慎重，需要王气息压制，不然必遭大难，然后飞回了仙界",
    "OptionTextA": "\"朕登仙后，会自向玉帝解释。\"",
    "OptionTextB": "荒谬，她乃是天界信使。",
    "Changes_A": {
      "people": 0,
      "policy": 0,
      "economic": 0,
      "military": 0
    },
    "Changes_B": {
      "people": 10,
      "policy": 10,
      "economic": 0,
      "military": 0
    },
    "NextID_A": 23,
    "NextID_B": -1,
    "IsBegin": false
  },
  {
    "EventID": 26,
    "ImageIndex": 8,
    "ShowText": "神秘人：“我是来自异次元的先知，我知道你们最近干了什么。你觉得你们的游戏好玩嘛？”",
    "ResultTextA": "“谦虚使人进步。”",
    "ResultTextB": "“嗯，你是个诚实的人。”",
    "OptionTextA": "“我们的游戏贼好玩！”",
    "OptionTextB": "“一般般吧……”",
    "Changes_A": {
      "people": 0,
      "policy": 0,
      "economic": 0,
      "military": 0
    },
    "Changes_B": {
      "people": 0,
      "policy": 0,
      "economic": 0,
      "military": 0
    },
    "NextID_A": 27,
    "NextID_B": 27,
    "IsBegin": true
  },
  {
    "EventID": 27,
    "ImageIndex": 8,
    "ShowText": "“你知道我是谁吗？”",
    "ResultTextA": "“接收大叔的奖励！”",
    "ResultTextB": "“我你都不认识？！”",
    "OptionTextA": "“oncle!”",
    "OptionTextB": "“你谁啊你？”",
    "Changes_A": {
      "people": 5,
      "policy": 5,
      "economic": 5,
      "military": 5
    },
    "Changes_B": {
      "people": -5,
      "policy": -5,
      "economic": -5,
      "military": -5
    },
    "NextID_A": 28,
    "NextID_B": 28,
    "IsBegin": false
  },
  {
    "EventID": 28,
    "ImageIndex": 8,
    "ShowText": "“作者让我问你们：这个游戏好玩吗？”",
    "ResultTextA": "“很好，这是赏给你的。”",
    "ResultTextB": "“你选很好玩，我兴许还能给你一些东西”",
    "OptionTextA": "“很好玩！”",
    "OptionTextB": "“一般般吧……”",
    "Changes_A": {
      "people": 5,
      "policy": 5,
      "economic": 5,
      "military": 5
    },
    "Changes_B": {
      "people": 0,
      "policy": 0,
      "economic": 0,
      "military": 0
    },
    "NextID_A": -1,
    "NextID_B": 29,
    "IsBegin": false
  },
  {
    "EventID": 29,
    "ImageIndex": 8,
    "ShowText": "“再给你一次机会！”",
    "ResultTextA": "“拍个马屁这么难吗……”",
    "ResultTextB": "“谢谢你，再见。”",
    "OptionTextA": "“很好玩.”",
    "OptionTextB": "“贼好玩！”",
    "Changes_A": {
      "people": 0,
      "policy": 0,
      "economic": 0,
      "military": 0
    },
    "Changes_B": {
      "people": 5,
      "policy": 5,
      "economic": 5,
      "military": 5
    },
    "NextID_A": -1,
    "NextID_B": -1,
    "IsBegin": false
  },
  {
    "EventID": 30,
    "ImageIndex": 5,
    "ShowText": "“陛下，您想试试我们的特色食物吗？”",
    "ResultTextA": "你吃下了水果，结果拉稀了三天，无法上朝……",
    "ResultTextB": "使者捧着一种奇特的水果，真诚地看着你。",
    "OptionTextA": "“取来让朕尝尝！”",
    "OptionTextB": "“我不想吃……”",
    "Changes_A": {
      "people": 0,
      "policy": -10,
      "economic": 0,
      "military": 0
    },
    "Changes_B": {
      "people": 5,
      "policy": 5,
      "economic": 0,
      "military": 0
    },
    "NextID_A": 31,
    "NextID_B": 30,
    "IsBegin": true
  },
  {
    "EventID": 31,
    "ImageIndex": 5,
    "ShowText": "“陛下，您觉得这个水果好吃吗？”",
    "ResultTextA": "“太好了！我每月都为陛下进贡！”",
    "ResultTextB": "“您可能忘记要剥开皮再吃。”",
    "OptionTextA": "“很好吃！”",
    "OptionTextB": "“我觉得水果可能有些问题……”",
    "Changes_A": {
      "people": 0,
      "policy": 20,
      "economic": 0,
      "military": 0
    },
    "Changes_B": {
      "people": 0,
      "policy": -5,
      "economic": 0,
      "military": 0
    },
    "NextID_A": 32,
    "NextID_B": 32,
    "IsBegin": false
  },
  {
    "EventID": 32,
    "ImageIndex": 5,
    "ShowText": "你苦笑着对番邦使者说：",
    "ResultTextA": "“它有润肠通便之功效。”",
    "ResultTextB": "“它有润肠通便之功效。”",
    "OptionTextA": "“不必了，其实不是很好吃。”",
    "OptionTextB": "“不必了，其实我的身体受不了。”",
    "Changes_A": {
      "people": 0,
      "policy": -5,
      "economic": 0,
      "military": 0
    },
    "Changes_B": {
      "people": 0,
      "policy": 10,
      "economic": 0,
      "military": 0
    },
    "NextID_A": 33,
    "NextID_B": 33,
    "IsBegin": false
  },
  {
    "EventID": 33,
    "ImageIndex": 5,
    "ShowText": "你无奈地说：",
    "ResultTextA": "你告诉使者不要再进贡这种奇怪的东西了。",
    "ResultTextB": "使者被轰出了殿外。",
    "OptionTextA": "“朕亲身体会到了……”",
    "OptionTextB": "“你不早说……”",
    "Changes_A": {
      "people": 0,
      "policy": 5,
      "economic": 0,
      "military": 0
    },
    "Changes_B": {
      "people": 0,
      "policy": -5,
      "economic": 0,
      "military": 0
    },
    "NextID_A": -1,
    "NextID_B": -1,
    "IsBegin": false
  },
  {
    "EventID": 34,
    "ImageIndex": 0,
    "ShowText": "陛下，我们截获了东夷国的密报！他们的国王外出巡抚，此时国家防守空虚，是否趁机攻打？",
    "ResultTextA": "远征东夷国的将士们久战不下，你的决策似乎有些问题。",
    "ResultTextB": "你决定召大将军共议此事。",
    "OptionTextA": "机不可失，立刻起兵",
    "OptionTextB": "用兵需谨慎，不可莽撞",
    "Changes_A": {
      "people": 5,
      "policy": 0,
      "economic": -10,
      "military": 10
    },
    "Changes_B": {
      "people": 10,
      "policy": 10,
      "economic": 0,
      "military": 0
    },
    "NextID_A": 35,
    "NextID_B": 36,
    "IsBegin": true
  },
  {
    "EventID": 35,
    "ImageIndex": 1,
    "ShowText": "大将军请求增援将士，必能大胜敌军。",
    "ResultTextA": "丞相突然请求觐见",
    "ResultTextB": "你的将士徒劳无功，劳民伤财。",
    "OptionTextA": "增派援军",
    "OptionTextB": "撤回本部",
    "Changes_A": {
      "people": 5,
      "policy": 5,
      "economic": 0,
      "military": 0
    },
    "Changes_B": {
      "people": -5,
      "policy": -5,
      "economic": -5,
      "military": -10
    },
    "NextID_A": 38,
    "NextID_B": -1,
    "IsBegin": false
  },
  {
    "EventID": 36,
    "ImageIndex": 1,
    "ShowText": "丞相与东夷国的国师结有私仇，此次密报定是丞相虚构，为了个人恩怨。",
    "ResultTextA": "你错过了绝佳战机，东夷国开始蠢蠢欲动。",
    "ResultTextB": "你认为其中另有隐情。",
    "OptionTextA": "点头",
    "OptionTextB": "沉思",
    "Changes_A": {
      "people": -5,
      "policy": -5,
      "economic": 0,
      "military": 0
    },
    "Changes_B": {
      "people": 0,
      "policy": 10,
      "economic": 0,
      "military": 0
    },
    "NextID_A": -1,
    "NextID_B": 37,
    "IsBegin": false
  },
  {
    "EventID": 37,
    "ImageIndex": 0,
    "ShowText": "丞相说：他与东夷国师是有恩怨不假，然此次战报是他的安插的奸细提供，是千载难逢的战机。",
    "ResultTextA": "远征东夷国的将士们晚了一步，大军只是小有收获。",
    "ResultTextB": "你迁延不定，误了战机。",
    "OptionTextA": "机不可失，那就起兵吧。",
    "OptionTextB": "你认为其中另有隐情。",
    "Changes_A": {
      "people": -5,
      "policy": 5,
      "economic": 15,
      "military": -5
    },
    "Changes_B": {
      "people": 0,
      "policy": -10,
      "economic": 0,
      "military": 0
    },
    "NextID_A": -1,
    "NextID_B": -1,
    "IsBegin": false
  },
  {
    "EventID": 38,
    "ImageIndex": 0,
    "ShowText": "此时增派，援军到后已是为时已晚，劳民伤财陛下收回成命。",
    "ResultTextA": "远征东夷国的将士们晚了一步，大军只是小有收获。",
    "ResultTextB": "你收到大将军密报。",
    "OptionTextA": "增援你的将士。",
    "OptionTextB": "召大将军。",
    "Changes_A": {
      "people": -5,
      "policy": 5,
      "economic": 15,
      "military": -5
    },
    "Changes_B": {
      "people": 0,
      "policy": 15,
      "economic": 0,
      "military": 0
    },
    "NextID_A": -1,
    "NextID_B": 36,
    "IsBegin": false
  },
  {
    "EventID": 39,
    "ImageIndex": 1,
    "ShowText": "边疆庶民似乎有起义的迹象，是否派兵镇压？",
    "ResultTextA": "大将军惶恐。",
    "ResultTextB": "丞相带着一个庶民走了进来。",
    "OptionTextA": "竟然胆敢挑战王权，流血会让他们清醒",
    "OptionTextB": "沉吟不定",
    "Changes_A": {
      "people": -10,
      "policy": 5,
      "economic": -5,
      "military": 10
    },
    "Changes_B": {
      "people": 0,
      "policy": 10,
      "economic": 0,
      "military": 0
    },
    "NextID_A": 40,
    "NextID_B": 41,
    "IsBegin": true
  },
  {
    "EventID": 40,
    "ImageIndex": 1,
    "ShowText": "\"陛下，这些边境刁民，不服教化，偷漏国税，臣不得已才用武力镇压，然望陛下免去杀伐。\"",
    "ResultTextA": "一些百姓被处死，但是大将军也愈发的喜欢用武力解决问题了……",
    "ResultTextB": "你派去的官员反而被刁民打了，不过百姓们都称赞你的行为。",
    "OptionTextA": "杀鸡儆猴",
    "OptionTextB": "王权教化",
    "Changes_A": {
      "people": -10,
      "policy": 5,
      "economic": 10,
      "military": 5
    },
    "Changes_B": {
      "people": 10,
      "policy": 10,
      "economic": 0,
      "military": 0
    },
    "NextID_A": -1,
    "NextID_B": -1,
    "IsBegin": false
  },
  {
    "EventID": 41,
    "ImageIndex": 3,
    "ShowText": "启禀陛下，都是你的大将军在边境任人唯亲，收取苛捐杂税，我们不得已与官兵发生冲突……",
    "ResultTextA": "百姓们对你感恩戴德，但是边境的税收少了。",
    "ResultTextB": "大将军受宠若惊。",
    "OptionTextA": "你们受苦了。",
    "OptionTextB": "大胆刁民敢栽赃我朝大将，是想掉脑袋吗？",
    "Changes_A": {
      "people": 20,
      "policy": 10,
      "economic": -15,
      "military": 0
    },
    "Changes_B": {
      "people": -15,
      "policy": -5,
      "economic": 5,
      "military": 10
    },
    "NextID_A": -1,
    "NextID_B": 40,
    "IsBegin": false
  },
  {
    "EventID": 42,
    "ImageIndex": 4,
    "ShowText": "大王，臣妾知晓您近日繁忙，但已多日未陪伴臣妾，甚是想念。",
    "ResultTextA": "你如约前往皇后的寝宫",
    "ResultTextB": "皇后露出委屈的神情",
    "OptionTextA": "今夜朕便去陪你",
    "OptionTextB": "朕有要事在身，改日吧",
    "Changes_A": {
      "people": 0,
      "policy": -5,
      "economic": 0,
      "military": 0
    },
    "Changes_B": {
      "people": 0,
      "policy": 5,
      "economic": 0,
      "military": 0
    },
    "NextID_A": 43,
    "NextID_B": 44,
    "IsBegin": true
  },
  {
    "EventID": 43,
    "ImageIndex": 4,
    "ShowText": "大王，臣妾前日遇大将军，其虽报国有功，但竟对臣妾不施以礼节……",
    "ResultTextA": "谢皇上恩宠！",
    "ResultTextB": "臣妾明白了……",
    "OptionTextA": "将军竟如此无礼？朕明日便责问他！",
    "OptionTextB": "大将军不拘小节，是个粗人，不必在意。",
    "Changes_A": {
      "people": 10,
      "policy": 0,
      "economic": 0,
      "military": -5
    },
    "Changes_B": {
      "people": 10,
      "policy": 0,
      "economic": 0,
      "military": 5
    },
    "NextID_A": 45,
    "NextID_B": -1,
    "IsBegin": false
  },
  {
    "EventID": 44,
    "ImageIndex": 4,
    "ShowText": "皇后一把拉住了你，你叹了一口气",
    "ResultTextA": "你如约前往皇后的寝宫",
    "ResultTextB": "皇后告退了",
    "OptionTextA": "今夜朕便去陪你",
    "OptionTextB": "不要让朕讲第二次",
    "Changes_A": {
      "people": 0,
      "policy": -5,
      "economic": 0,
      "military": 0
    },
    "Changes_B": {
      "people": 0,
      "policy": 5,
      "economic": 0,
      "military": 0
    },
    "NextID_A": 43,
    "NextID_B": -1,
    "IsBegin": false
  },
  {
    "EventID": 45,
    "ImageIndex": 1,
    "ShowText": "第二日，你来责问将军，大将军竟抢先告罪，称自己饮酒误事，不曾向皇后行礼，你决定？",
    "ResultTextA": "大将军被你禁酒一月，痛不欲生。",
    "ResultTextB": "你如此宠爱后宫，致使将士们士气受挫。",
    "OptionTextA": "稍加责罚",
    "OptionTextB": "不依不饶",
    "Changes_A": {
      "people": 5,
      "policy": 5,
      "economic": 0,
      "military": 10
    },
    "Changes_B": {
      "people": 0,
      "policy": 0,
      "economic": 0,
      "military": -5
    },
    "NextID_A": -1,
    "NextID_B": -1,
    "IsBegin": false
  }
]